"ChangeYear","Cmult","Mmult","SSBrho"
2005,1,1,0.638421480329767
2005,1,1.5,0.349294579787638
2005,1,2,0.126036087758878
2005,1,2.5,-0.0474535773292805
2005,1,3,-0.184111830004759
2005,1,3.5,-0.293963464159903
2005,1,4,-0.384606578186966
2005,1,4.5,-0.459140595791778
2005,1,5,-0.519747615218506
